BO_INICIADO,BO_EMITIDO,PERIDOOCORRENCIA,DATAELABORACAO,LOGRADOURO,NUMERO,BAIRRO,CIDADE,UF,LATITUDE,LONGITUDE,
01/03/2019 09:51:50,01/03/2019 10:08:51,A TARDE,01/03/2019 09:51:50,RUA DOS PERIQUITOS,1095,VILA TATETUBA,S.JOSE DOS CAMPOS,SP,-23,1808637822807,
01/03/2019 14:58:35,01/03/2019 15:14:56,A NOITE,01/03/2019 14:58:35,AVENIDA CORONEL ALC�NTARA,1,CENTRO,CACAPAVA,SP,-23,1008871,
01/03/2019 14:58:35,01/03/2019 15:14:56,A NOITE,01/03/2019 14:58:35,AVENIDA CORONEL ALC�NTARA,1,CENTRO,CACAPAVA,SP,-23,1008871,
01/03/2019 15:26:10,01/03/2019 15:42:32,A NOITE,01/03/2019 15:26:10,AVENIDA SAO JOSE,0,CENTRO,S.JOSE DOS CAMPOS,SP,-23,183230147,
01/03/2019 16:21:13,01/03/2019 16:53:31,A NOITE,01/03/2019 16:21:13,AVENIDA RUI BARBOSA,1700,VILA ROSSI,S.JOSE DOS CAMPOS,SP,-23,1650222685693,
02/03/2019 16:46:25,02/03/2019 16:58:32,A NOITE,02/03/2019 16:46:25,RUA SIQUEIRA CAMPOS,90,JARDIM BELA VISTA,S.JOSE DOS CAMPOS,SP,-23,1804171967272,
02/03/2019 16:57:51,02/03/2019 17:05:05,A NOITE,02/03/2019 16:57:51,RUA HUMAITA,1,CENTRO,S.JOSE DOS CAMPOS,SP,-23,1909907159999,
03/03/2019 05:56:15,03/03/2019 06:27:25,DE MADRUGADA,03/03/2019 05:56:15,RUA JOSE DE CAMPOS,200,JARDIM MORUMBI,S.JOSE DOS CAMPOS,SP,-23,2600817555806,
03/03/2019 10:51:46,03/03/2019 11:06:56,A NOITE,03/03/2019 10:51:46,AVENIDA JULIO CEZAR VILLACA,479,JARDIM SANTA LUZIA,S.JOSE DOS CAMPOS,SP,-23,2366151689999,
03/03/2019 16:16:24,03/03/2019 16:15:57,A NOITE,03/03/2019 16:16:24,RUA DOUTOR JORGE DE OLIVEIRA COUTINHO,174,PARQUE RESIDENCIAL AQU�RIUS,S.JOSE DOS CAMPOS,SP,-23,2156968194565,
04/03/2019 06:43:34,04/03/2019 06:52:22,A NOITE,04/03/2019 06:43:34,RUA DOLZANI RICARDO,1,CENTRO,S.JOSE DOS CAMPOS,SP,-23,18747446,
04/03/2019 09:59:43,04/03/2019 09:59:08,DE MADRUGADA,04/03/2019 09:59:43,RUA CORONEL JOS� MONTEIRO,503,CENTRO,S.JOSE DOS CAMPOS,SP,-23,1822839,
04/03/2019 11:34:51,04/03/2019 12:32:34,A NOITE,04/03/2019 11:34:51,RUA ANA ELIZABETE GOLDIN,168,PARQUE INTERLAGOS,S.JOSE DOS CAMPOS,SP,-23,2707065129999,
04/03/2019 11:34:51,04/03/2019 12:32:34,A NOITE,04/03/2019 11:34:51,RUA ANA ELIZABETE GOLDIN,168,PARQUE INTERLAGOS,S.JOSE DOS CAMPOS,SP,-23,2707065129999,
04/03/2019 11:34:51,04/03/2019 12:32:34,A NOITE,04/03/2019 11:34:51,RUA ANA ELIZABETE GOLDIN,168,PARQUE INTERLAGOS,S.JOSE DOS CAMPOS,SP,-23,2707065129999,
04/03/2019 11:34:51,04/03/2019 12:32:34,A NOITE,04/03/2019 11:34:51,RUA ANA ELIZABETE GOLDIN,168,PARQUE INTERLAGOS,S.JOSE DOS CAMPOS,SP,-23,2707065129999,
04/03/2019 16:43:16,04/03/2019 16:58:14,DE MADRUGADA,04/03/2019 16:43:16,AVENIDA CASSIANO RICARDO,1983,ROYAL PARK,S.JOSE DOS CAMPOS,SP,-23,2289756847924,
05/03/2019 16:47:14,05/03/2019 17:30:33,A TARDE,05/03/2019 16:47:14,RUA CARAVELAS,934,JARDIM VALE DO SOL,S.JOSE DOS CAMPOS,SP,-23,260375991,
05/03/2019 16:47:14,05/03/2019 17:30:33,A TARDE,05/03/2019 16:47:14,RUA CARAVELAS,934,JARDIM VALE DO SOL,S.JOSE DOS CAMPOS,SP,-23,260375991,
05/03/2019 17:32:19,05/03/2019 17:43:02,A NOITE,05/03/2019 17:32:19,RUA ITORORO,221,JARDIM TOP�ZIO,S.JOSE DOS CAMPOS,SP,-23,1948021192656,
05/03/2019 20:44:58,05/03/2019 21:02:52,A NOITE,05/03/2019 20:44:58,AVENIDA PAPA JOAO PAULO I,100,JARDIM SAT�LITE,S.JOSE DOS CAMPOS,SP,-23,2276162733487,
05/03/2019 22:40:06,05/03/2019 23:03:32,A NOITE,05/03/2019 22:40:06,AVENIDA OURO FINO,770,BOSQUE DOS EUCALIPTOS,S.JOSE DOS CAMPOS,SP,-23,2420308095507,
05/03/2019 22:40:06,05/03/2019 23:03:32,A NOITE,05/03/2019 22:40:06,AVENIDA OURO FINO,770,BOSQUE DOS EUCALIPTOS,S.JOSE DOS CAMPOS,SP,-23,2420308095507,
05/03/2019 22:40:06,05/03/2019 23:03:32,A NOITE,05/03/2019 22:40:06,AVENIDA OURO FINO,770,BOSQUE DOS EUCALIPTOS,S.JOSE DOS CAMPOS,SP,-23,2420308095507,
05/03/2019 22:40:06,05/03/2019 23:03:32,A NOITE,05/03/2019 22:40:06,AVENIDA OURO FINO,770,BOSQUE DOS EUCALIPTOS,S.JOSE DOS CAMPOS,SP,-23,2420308095507,
05/03/2019 22:40:06,05/03/2019 23:03:32,A NOITE,05/03/2019 22:40:06,AVENIDA OURO FINO,770,BOSQUE DOS EUCALIPTOS,S.JOSE DOS CAMPOS,SP,-23,2420308095507,
05/03/2019 22:40:06,05/03/2019 23:03:32,A NOITE,05/03/2019 22:40:06,AVENIDA OURO FINO,770,BOSQUE DOS EUCALIPTOS,S.JOSE DOS CAMPOS,SP,-23,2420308095507,
05/03/2019 22:40:06,05/03/2019 23:03:32,A NOITE,05/03/2019 22:40:06,AVENIDA OURO FINO,770,BOSQUE DOS EUCALIPTOS,S.JOSE DOS CAMPOS,SP,-23,2420308095507,
05/03/2019 22:40:06,05/03/2019 23:03:32,A NOITE,05/03/2019 22:40:06,AVENIDA OURO FINO,770,BOSQUE DOS EUCALIPTOS,S.JOSE DOS CAMPOS,SP,-23,2420308095507,
05/03/2019 23:10:59,05/03/2019 23:31:13,A NOITE,05/03/2019 23:10:59,AVENIDA SAO JOSE,0,CENTRO,S.JOSE DOS CAMPOS,SP,-23,183230147,
06/03/2019 07:43:56,06/03/2019 08:05:53,A NOITE,06/03/2019 07:43:56,ESTRADA JOEL DE PAULA,3050,CAP�O GROSSO,S.JOSE DOS CAMPOS,SP,-23,1674392753193,
06/03/2019 12:42:13,06/03/2019 12:56:33,A NOITE,06/03/2019 12:42:13,RUA ESPINOSA,0,BOSQUE DOS EUCALIPTOS,S.JOSE DOS CAMPOS,SP,-23,241638769,
06/03/2019 13:23:34,06/03/2019 13:38:19,A NOITE,06/03/2019 13:23:34,RUA RIO TIBAGI,1,JARDIM PARARANGABA,S.JOSE DOS CAMPOS,SP,-23,172286256,
06/03/2019 14:43:50,06/03/2019 14:53:32,A NOITE,06/03/2019 14:43:50,AVENIDA FRANCISCO ALVES MOREIRA,1,VILA PANTALE�O,CACAPAVA,SP,-23,96949357,
06/03/2019 14:43:50,06/03/2019 14:53:32,A NOITE,06/03/2019 14:43:50,AVENIDA FRANCISCO ALVES MOREIRA,1,VILA PANTALE�O,CACAPAVA,SP,-23,96949357,
06/03/2019 15:07:45,06/03/2019 15:30:12,A NOITE,06/03/2019 15:07:45,AVENIDA OLIVIO GOMES,100,VILA ROSSI,S.JOSE DOS CAMPOS,SP,-23,1713076330253,
06/03/2019 15:53:43,06/03/2019 16:10:22,PELA MANHA,06/03/2019 15:53:43,RUA ARGENTINA,190,VISTA VERDE,S.JOSE DOS CAMPOS,SP,-23,180167691,Motorola
06/03/2019 16:37:55,06/03/2019 16:48:04,A NOITE,06/03/2019 16:37:55,AVENIDA OURO FINO,770,BOSQUE DOS EUCALIPTOS,S.JOSE DOS CAMPOS,SP,-23,2420308095507,
06/03/2019 16:37:55,06/03/2019 16:48:04,A NOITE,06/03/2019 16:37:55,AVENIDA OURO FINO,770,BOSQUE DOS EUCALIPTOS,S.JOSE DOS CAMPOS,SP,-23,2420308095507,
06/03/2019 16:37:55,06/03/2019 16:48:04,A NOITE,06/03/2019 16:37:55,AVENIDA OURO FINO,770,BOSQUE DOS EUCALIPTOS,S.JOSE DOS CAMPOS,SP,-23,2420308095507,
06/03/2019 16:37:55,06/03/2019 16:48:04,A NOITE,06/03/2019 16:37:55,AVENIDA OURO FINO,770,BOSQUE DOS EUCALIPTOS,S.JOSE DOS CAMPOS,SP,-23,2420308095507,
06/03/2019 16:37:55,06/03/2019 16:48:04,A NOITE,06/03/2019 16:37:55,AVENIDA OURO FINO,770,BOSQUE DOS EUCALIPTOS,S.JOSE DOS CAMPOS,SP,-23,2420308095507,
06/03/2019 16:37:55,06/03/2019 16:48:04,A NOITE,06/03/2019 16:37:55,AVENIDA OURO FINO,770,BOSQUE DOS EUCALIPTOS,S.JOSE DOS CAMPOS,SP,-23,2420308095507,
06/03/2019 16:37:55,06/03/2019 16:48:04,A NOITE,06/03/2019 16:37:55,AVENIDA OURO FINO,770,BOSQUE DOS EUCALIPTOS,S.JOSE DOS CAMPOS,SP,-23,2420308095507,
06/03/2019 16:37:55,06/03/2019 16:48:04,A NOITE,06/03/2019 16:37:55,AVENIDA OURO FINO,770,BOSQUE DOS EUCALIPTOS,S.JOSE DOS CAMPOS,SP,-23,2420308095507,
06/03/2019 16:37:55,06/03/2019 16:48:04,A NOITE,06/03/2019 16:37:55,AVENIDA OURO FINO,770,BOSQUE DOS EUCALIPTOS,S.JOSE DOS CAMPOS,SP,-23,2420308095507,
06/03/2019 16:37:55,06/03/2019 16:48:04,A NOITE,06/03/2019 16:37:55,AVENIDA OURO FINO,770,BOSQUE DOS EUCALIPTOS,S.JOSE DOS CAMPOS,SP,-23,2420308095507,
06/03/2019 16:37:55,06/03/2019 16:48:04,A NOITE,06/03/2019 16:37:55,AVENIDA OURO FINO,770,BOSQUE DOS EUCALIPTOS,S.JOSE DOS CAMPOS,SP,-23,2420308095507,
06/03/2019 16:37:55,06/03/2019 16:48:04,A NOITE,06/03/2019 16:37:55,AVENIDA OURO FINO,770,BOSQUE DOS EUCALIPTOS,S.JOSE DOS CAMPOS,SP,-23,2420308095507,
06/03/2019 16:53:03,06/03/2019 16:58:38,A TARDE,06/03/2019 16:53:03,RUA PROFESSOR LUIZ ANTONIO RIBEIRO DE MA,0,JARDIM PARAISO DO SOL,S.JOSE DOS CAMPOS,SP,-23,1827497909999,
06/03/2019 17:12:47,06/03/2019 17:32:24,A NOITE,06/03/2019 17:12:47,RUA RIO TIBAGI,1,JARDIM PARARANGABA,S.JOSE DOS CAMPOS,SP,-23,172286256,
06/03/2019 18:07:12,06/03/2019 18:21:35,A NOITE,06/03/2019 18:07:12,AVENIDA BENEDITO FRIGGI,3280,JARDIM NOVA DETROIT,S.JOSE DOS CAMPOS,SP,-23,1620144459999,Samsung
06/03/2019 20:25:51,06/03/2019 21:02:10,A TARDE,06/03/2019 20:25:51,AVENIDA ELIANE MARIA BARBIERE SOARES,692,JARDIM MORUMBI,S.JOSE DOS CAMPOS,SP,-23,24937732576,
07/03/2019 05:41:41,07/03/2019 05:42:09,A NOITE,07/03/2019 05:41:41,RUA DAS HORT�NCIAS,165,JARDIM MOTORAMA,S.JOSE DOS CAMPOS,SP,-23,1738893,
07/03/2019 09:27:41,07/03/2019 09:27:40,PELA MANHA,07/03/2019 09:27:41,RUA MAESTRO FRANCISCO GAIA,370,MONTE CASTELO,S.JOSE DOS CAMPOS,SP,-23,1824025049333,
07/03/2019 09:08:56,07/03/2019 09:32:28,DE MADRUGADA,07/03/2019 09:08:56,RUA ADELAIDE OLIVEIRA MARCELINO,1,JARDIM MORUMBI,S.JOSE DOS CAMPOS,SP,-23,24432744,
07/03/2019 09:34:31,07/03/2019 09:51:43,A NOITE,07/03/2019 09:34:31,RUA DAS HORTENSIAS,165,JARDIM MOTORAMA,S.JOSE DOS CAMPOS,SP,-23,1738309071707,Samsung
07/03/2019 10:37:08,07/03/2019 10:55:56,A TARDE,07/03/2019 10:37:08,RUA REGENTE FEIJ�,148,CENTRO,CACAPAVA,SP,-23,993899439999,
07/03/2019 12:19:22,07/03/2019 12:28:36,A NOITE,07/03/2019 12:19:22,AVENIDA BRASIL,10,VERA CRUZ,CACAPAVA,SP,-23,1010328370769,
07/03/2019 16:50:04,07/03/2019 17:37:32,DE MADRUGADA,07/03/2019 16:50:04,AVENIDA CASSIANO RICARDO,1580,JARDIM ALVORADA,S.JOSE DOS CAMPOS,SP,-23,2276354891034,
07/03/2019 16:50:04,07/03/2019 17:37:32,DE MADRUGADA,07/03/2019 16:50:04,AVENIDA CASSIANO RICARDO,1580,JARDIM ALVORADA,S.JOSE DOS CAMPOS,SP,-23,2276354891034,
07/03/2019 16:50:04,07/03/2019 17:37:32,DE MADRUGADA,07/03/2019 16:50:04,AVENIDA CASSIANO RICARDO,1580,JARDIM ALVORADA,S.JOSE DOS CAMPOS,SP,-23,2276354891034,
07/03/2019 16:50:04,07/03/2019 17:37:32,DE MADRUGADA,07/03/2019 16:50:04,AVENIDA CASSIANO RICARDO,1580,JARDIM ALVORADA,S.JOSE DOS CAMPOS,SP,-23,2276354891034,
07/03/2019 19:00:41,07/03/2019 19:04:13,A NOITE,07/03/2019 19:00:41,RUA MANUEL BARBOSA DE SOUZA,263,JARDIM MORUMBI,S.JOSE DOS CAMPOS,SP,-23,2476343769655,
07/03/2019 19:00:41,07/03/2019 19:04:13,A NOITE,07/03/2019 19:00:41,RUA MANUEL BARBOSA DE SOUZA,263,JARDIM MORUMBI,S.JOSE DOS CAMPOS,SP,-23,2476343769655,
08/03/2019 09:42:09,08/03/2019 10:11:08,A TARDE,08/03/2019 09:42:09,RUA ABARE,1,JARDIM VALE DO SOL,S.JOSE DOS CAMPOS,SP,-23,2487263089999,
08/03/2019 10:37:13,08/03/2019 10:47:00,A NOITE,08/03/2019 10:37:13,AVENIDA OURO FINO,770,BOSQUE DOS EUCALIPTOS,S.JOSE DOS CAMPOS,SP,-23,2420308095507,
08/03/2019 10:37:13,08/03/2019 10:47:00,A NOITE,08/03/2019 10:37:13,AVENIDA OURO FINO,770,BOSQUE DOS EUCALIPTOS,S.JOSE DOS CAMPOS,SP,-23,2420308095507,
08/03/2019 10:37:13,08/03/2019 10:47:00,A NOITE,08/03/2019 10:37:13,AVENIDA OURO FINO,770,BOSQUE DOS EUCALIPTOS,S.JOSE DOS CAMPOS,SP,-23,2420308095507,
08/03/2019 10:37:13,08/03/2019 10:47:00,A NOITE,08/03/2019 10:37:13,AVENIDA OURO FINO,770,BOSQUE DOS EUCALIPTOS,S.JOSE DOS CAMPOS,SP,-23,2420308095507,
08/03/2019 10:37:13,08/03/2019 10:47:00,A NOITE,08/03/2019 10:37:13,AVENIDA OURO FINO,770,BOSQUE DOS EUCALIPTOS,S.JOSE DOS CAMPOS,SP,-23,2420308095507,
08/03/2019 10:37:13,08/03/2019 10:47:00,A NOITE,08/03/2019 10:37:13,AVENIDA OURO FINO,770,BOSQUE DOS EUCALIPTOS,S.JOSE DOS CAMPOS,SP,-23,2420308095507,
08/03/2019 10:37:13,08/03/2019 10:47:00,A NOITE,08/03/2019 10:37:13,AVENIDA OURO FINO,770,BOSQUE DOS EUCALIPTOS,S.JOSE DOS CAMPOS,SP,-23,2420308095507,
08/03/2019 10:37:13,08/03/2019 10:47:00,A NOITE,08/03/2019 10:37:13,AVENIDA OURO FINO,770,BOSQUE DOS EUCALIPTOS,S.JOSE DOS CAMPOS,SP,-23,2420308095507,
08/03/2019 10:37:13,08/03/2019 10:47:00,A NOITE,08/03/2019 10:37:13,AVENIDA OURO FINO,770,BOSQUE DOS EUCALIPTOS,S.JOSE DOS CAMPOS,SP,-23,2420308095507,
08/03/2019 10:37:13,08/03/2019 10:47:00,A NOITE,08/03/2019 10:37:13,AVENIDA OURO FINO,770,BOSQUE DOS EUCALIPTOS,S.JOSE DOS CAMPOS,SP,-23,2420308095507,
08/03/2019 10:37:13,08/03/2019 10:47:00,A NOITE,08/03/2019 10:37:13,AVENIDA OURO FINO,770,BOSQUE DOS EUCALIPTOS,S.JOSE DOS CAMPOS,SP,-23,2420308095507,
08/03/2019 10:37:13,08/03/2019 10:47:00,A NOITE,08/03/2019 10:37:13,AVENIDA OURO FINO,770,BOSQUE DOS EUCALIPTOS,S.JOSE DOS CAMPOS,SP,-23,2420308095507,
08/03/2019 11:28:14,08/03/2019 11:48:40,A NOITE,08/03/2019 11:28:14,RUA RIO TIBAGI,1,JARDIM PARARANGABA,S.JOSE DOS CAMPOS,SP,-23,172286256,
08/03/2019 19:20:24,08/03/2019 19:42:08,A NOITE,08/03/2019 19:20:24,RUA GISELE MARTINS,1,JARDIM TERRAS DO SUL,S.JOSE DOS CAMPOS,SP,-23,245388697,
08/03/2019 23:09:10,09/03/2019 00:02:54,A NOITE,08/03/2019 23:09:10,AVENIDA GENERAL MOTORS,0,VILA TATETUBA,S.JOSE DOS CAMPOS,SP,-23,17938677,
08/03/2019 23:09:10,09/03/2019 00:02:54,A NOITE,08/03/2019 23:09:10,AVENIDA GENERAL MOTORS,0,VILA TATETUBA,S.JOSE DOS CAMPOS,SP,-23,17938677,
09/03/2019 16:29:20,09/03/2019 16:47:39,A TARDE,09/03/2019 16:29:20,PRA�A BAHIA DE SAO SALVADOR,122,JARDIM VALE DO SOL,S.JOSE DOS CAMPOS,SP,-23,2554880509999,
09/03/2019 16:29:20,09/03/2019 16:47:39,A TARDE,09/03/2019 16:29:20,PRA�A BAHIA DE SAO SALVADOR,122,JARDIM VALE DO SOL,S.JOSE DOS CAMPOS,SP,-23,2554880509999,
09/03/2019 20:00:09,09/03/2019 21:28:34,A TARDE,09/03/2019 20:00:09,RODOVIA SP 050,116,RURAL,MONTEIRO LOBATO,SP,-23,226846049999,
09/03/2019 23:16:44,09/03/2019 23:30:43,A NOITE,09/03/2019 23:16:44,AVENIDA SAO JOSE,100,CENTRO,S.JOSE DOS CAMPOS,SP,-23,1823333112745,
10/03/2019 07:50:11,10/03/2019 08:04:56,DE MADRUGADA,10/03/2019 07:50:11,PRA�A AFONSO PENA,1,CENTRO,S.JOSE DOS CAMPOS,SP,-23,184222086,
10/03/2019 06:28:04,10/03/2019 08:11:10,DE MADRUGADA,10/03/2019 06:28:04,RUA SANTO EXPEDITO,1,PARQUE RESIDENCIAL UNI�O,S.JOSE DOS CAMPOS,SP,-23,2622342939999,
10/03/2019 06:28:04,10/03/2019 08:11:10,DE MADRUGADA,10/03/2019 06:28:04,RUA SANTO EXPEDITO,1,PARQUE RESIDENCIAL UNI�O,S.JOSE DOS CAMPOS,SP,-23,2622342939999,
10/03/2019 06:28:04,10/03/2019 08:11:10,DE MADRUGADA,10/03/2019 06:28:04,RUA SANTO EXPEDITO,1,PARQUE RESIDENCIAL UNI�O,S.JOSE DOS CAMPOS,SP,-23,2622342939999,
10/03/2019 06:28:04,10/03/2019 08:11:10,DE MADRUGADA,10/03/2019 06:28:04,RUA SANTO EXPEDITO,1,PARQUE RESIDENCIAL UNI�O,S.JOSE DOS CAMPOS,SP,-23,2622342939999,
10/03/2019 09:01:52,10/03/2019 09:32:17,A NOITE,10/03/2019 09:01:52,RODOVIA RODOVIA PRESIDENTE DUTRA,0,GENERAL MOTORS DO BRASIL S/A,S.JOSE DOS CAMPOS,SP,-23,168341843,
10/03/2019 10:10:38,10/03/2019 10:10:37,A TARDE,10/03/2019 10:10:38,RODOVIA GOVERNADOR CARVALHO PINTO,10781,PARQUE INTERLAGOS,S.JOSE DOS CAMPOS,SP,-23,270109,
10/03/2019 11:53:59,10/03/2019 12:01:50,DE MADRUGADA,10/03/2019 11:53:59,RUA CECI,622,JARDIM S�O JOS� - CENTRO,S.JOSE DOS CAMPOS,SP,-23,1928374165,
10/03/2019 15:34:28,10/03/2019 15:50:29,A TARDE,10/03/2019 15:34:28,RUA BATURITE,121,PARQUE INDUSTRIAL,S.JOSE DOS CAMPOS,SP,-23,2360010612393,
11/03/2019 09:55:07,11/03/2019 10:03:24,PELA MANHA,11/03/2019 09:55:07,RUA POLAR,213,JARDIM SAT�LITE,S.JOSE DOS CAMPOS,SP,-23,2204982711999,
11/03/2019 10:08:52,11/03/2019 10:08:57,PELA MANHA,11/03/2019 10:08:52,RUA MAESTRO FRANCISCO GAIA,370,MONTE CASTELO,S.JOSE DOS CAMPOS,SP,-23,1824025049333,
11/03/2019 10:17:57,11/03/2019 10:42:03,A NOITE,11/03/2019 10:17:57,RUA DESEMBARGADOR AL�PIO BASTOS,1,JARDIM SANTO ANTONIO,CACAPAVA,SP,-23,104717934,
11/03/2019 10:52:06,11/03/2019 11:12:25,A NOITE,11/03/2019 10:52:06,RUA NELSON BERTI,1,CENTRO,CACAPAVA,SP,-23,1028772884468,
11/03/2019 10:52:06,11/03/2019 11:12:25,A NOITE,11/03/2019 10:52:06,RUA NELSON BERTI,1,CENTRO,CACAPAVA,SP,-23,1028772884468,
11/03/2019 10:58:56,11/03/2019 11:24:24,A TARDE,11/03/2019 10:58:56,RUA SAO VITALINO,48,JARDIM S�O JUDAS TADEU,S.JOSE DOS CAMPOS,SP,-23,2560747564999,Motorola
11/03/2019 10:24:55,11/03/2019 11:29:22,PELA MANHA,11/03/2019 10:24:55,RODOVIA SP 070,0,PARQUE INTERLAGOS,S.JOSE DOS CAMPOS,SP,-23,24745501,
11/03/2019 10:24:55,11/03/2019 11:29:22,PELA MANHA,11/03/2019 10:24:55,RODOVIA SP 070,0,PARQUE INTERLAGOS,S.JOSE DOS CAMPOS,SP,-23,24745501,
11/03/2019 10:24:55,11/03/2019 11:29:22,PELA MANHA,11/03/2019 10:24:55,RODOVIA SP 070,0,PARQUE INTERLAGOS,S.JOSE DOS CAMPOS,SP,-23,24745501,
11/03/2019 10:24:55,11/03/2019 11:29:22,PELA MANHA,11/03/2019 10:24:55,RODOVIA SP 070,0,PARQUE INTERLAGOS,S.JOSE DOS CAMPOS,SP,-23,24745501,
11/03/2019 10:24:55,11/03/2019 11:29:22,PELA MANHA,11/03/2019 10:24:55,RODOVIA SP 070,0,PARQUE INTERLAGOS,S.JOSE DOS CAMPOS,SP,-23,24745501,
11/03/2019 10:24:55,11/03/2019 11:29:22,PELA MANHA,11/03/2019 10:24:55,RODOVIA SP 070,0,PARQUE INTERLAGOS,S.JOSE DOS CAMPOS,SP,-23,24745501,
11/03/2019 11:43:58,11/03/2019 12:10:15,A TARDE,11/03/2019 11:43:58,AVENIDA POETA OS�RIO P�RTO,23,JD BORDA DA MATA,CACAPAVA,SP,-23,1166203633129,
11/03/2019 11:43:58,11/03/2019 12:10:15,A TARDE,11/03/2019 11:43:58,AVENIDA POETA OS�RIO P�RTO,23,JD BORDA DA MATA,CACAPAVA,SP,-23,1166203633129,
11/03/2019 13:25:35,11/03/2019 13:37:38,A NOITE,11/03/2019 13:25:35,RUA TORATARI TAKITANE,1,JARDIM ORIENTE,S.JOSE DOS CAMPOS,SP,-23,245141293,
11/03/2019 13:50:20,11/03/2019 14:00:47,A NOITE,11/03/2019 13:50:20,AVENIDA CASSIOPEIA,0,JARDIM SAT�LITE,S.JOSE DOS CAMPOS,SP,-23,2289831219999,
11/03/2019 14:51:21,11/03/2019 15:16:37,PELA MANHA,11/03/2019 14:51:21,AVENIDA CASSIANO RICARDO,1993,ROYAL PARK,S.JOSE DOS CAMPOS,SP,-23,2290663436289,
11/03/2019 15:08:05,11/03/2019 15:27:37,PELA MANHA,11/03/2019 15:08:05,AVENIDA JOAO RODOLFO CASTELLI,1000,JARDIM S�O JUDAS TADEU,S.JOSE DOS CAMPOS,SP,-23,244071603856,
11/03/2019 17:07:33,11/03/2019 17:21:48,A TARDE,11/03/2019 17:07:33,AVENIDA TIVOLI,111,VILA BET�NIA,S.JOSE DOS CAMPOS,SP,-23,205736187638,
12/03/2019 09:47:19,12/03/2019 09:58:22,A NOITE,12/03/2019 09:47:19,RUA SCORPIUS,0,JARDIM SAT�LITE,S.JOSE DOS CAMPOS,SP,-23,226403541,
12/03/2019 14:04:42,12/03/2019 14:19:12,PELA MANHA,12/03/2019 14:04:42,RODOVIA SP 070,0,PARQUE INTERLAGOS,S.JOSE DOS CAMPOS,SP,-23,24745501,
12/03/2019 14:04:42,12/03/2019 14:19:12,PELA MANHA,12/03/2019 14:04:42,RODOVIA SP 070,0,PARQUE INTERLAGOS,S.JOSE DOS CAMPOS,SP,-23,24745501,
12/03/2019 14:04:42,12/03/2019 14:19:12,PELA MANHA,12/03/2019 14:04:42,RODOVIA SP 070,0,PARQUE INTERLAGOS,S.JOSE DOS CAMPOS,SP,-23,24745501,
12/03/2019 14:04:42,12/03/2019 14:19:12,PELA MANHA,12/03/2019 14:04:42,RODOVIA SP 070,0,PARQUE INTERLAGOS,S.JOSE DOS CAMPOS,SP,-23,24745501,
12/03/2019 14:04:42,12/03/2019 14:19:12,PELA MANHA,12/03/2019 14:04:42,RODOVIA SP 070,0,PARQUE INTERLAGOS,S.JOSE DOS CAMPOS,SP,-23,24745501,
12/03/2019 14:04:42,12/03/2019 14:19:12,PELA MANHA,12/03/2019 14:04:42,RODOVIA SP 070,0,PARQUE INTERLAGOS,S.JOSE DOS CAMPOS,SP,-23,24745501,
12/03/2019 17:05:32,12/03/2019 17:19:06,A TARDE,12/03/2019 17:05:32,AVENIDA FRANCISCA SALES DAMASCO,171,VILA SANTOS,CACAPAVA,SP,-23,977659510371,
13/03/2019 09:48:52,13/03/2019 09:53:26,PELA MANHA,13/03/2019 09:48:52,RODOVIA SP 070,0,PARQUE INTERLAGOS,S.JOSE DOS CAMPOS,SP,-23,24745501,
13/03/2019 09:48:52,13/03/2019 09:53:26,PELA MANHA,13/03/2019 09:48:52,RODOVIA SP 070,0,PARQUE INTERLAGOS,S.JOSE DOS CAMPOS,SP,-23,24745501,
13/03/2019 09:48:52,13/03/2019 09:53:26,PELA MANHA,13/03/2019 09:48:52,RODOVIA SP 070,0,PARQUE INTERLAGOS,S.JOSE DOS CAMPOS,SP,-23,24745501,
13/03/2019 09:48:52,13/03/2019 09:53:26,PELA MANHA,13/03/2019 09:48:52,RODOVIA SP 070,0,PARQUE INTERLAGOS,S.JOSE DOS CAMPOS,SP,-23,24745501,
13/03/2019 09:48:52,13/03/2019 09:53:26,PELA MANHA,13/03/2019 09:48:52,RODOVIA SP 070,0,PARQUE INTERLAGOS,S.JOSE DOS CAMPOS,SP,-23,24745501,
13/03/2019 09:48:52,13/03/2019 09:53:26,PELA MANHA,13/03/2019 09:48:52,RODOVIA SP 070,0,PARQUE INTERLAGOS,S.JOSE DOS CAMPOS,SP,-23,24745501,
13/03/2019 09:17:44,13/03/2019 09:53:38,A NOITE,13/03/2019 09:17:44,RUA LAERCIO HENRIQUE TOLEDO,96,RESIDENCIAL S�O FRANCISCO,S.JOSE DOS CAMPOS,SP,-23,2159036149999,
13/03/2019 09:17:44,13/03/2019 09:53:38,A NOITE,13/03/2019 09:17:44,RUA LAERCIO HENRIQUE TOLEDO,96,RESIDENCIAL S�O FRANCISCO,S.JOSE DOS CAMPOS,SP,-23,2159036149999,
13/03/2019 09:17:44,13/03/2019 09:53:38,A NOITE,13/03/2019 09:17:44,RUA LAERCIO HENRIQUE TOLEDO,96,RESIDENCIAL S�O FRANCISCO,S.JOSE DOS CAMPOS,SP,-23,2159036149999,
13/03/2019 09:17:44,13/03/2019 09:53:38,A NOITE,13/03/2019 09:17:44,RUA LAERCIO HENRIQUE TOLEDO,96,RESIDENCIAL S�O FRANCISCO,S.JOSE DOS CAMPOS,SP,-23,2159036149999,
13/03/2019 10:52:18,13/03/2019 11:22:40,PELA MANHA,13/03/2019 10:52:18,RUA ITABAIANA,300,CONJUNTO RESIDENCIAL 31 DE MAR�O,S.JOSE DOS CAMPOS,SP,-23,2432351928965,
13/03/2019 11:04:31,13/03/2019 11:30:28,A NOITE,13/03/2019 11:04:31,RUA GEMINI,232,JARDIM SAT�LITE,S.JOSE DOS CAMPOS,SP,-23,2222591717142,
13/03/2019 12:00:27,13/03/2019 12:20:05,PELA MANHA,13/03/2019 12:00:27,RUA LUIZ MONTEIRO PINTO,1,CONJUNTO RESIDENCIAL 31 DE MAR�O,S.JOSE DOS CAMPOS,SP,-23,2469235909999,
13/03/2019 20:46:57,13/03/2019 21:04:24,A NOITE,13/03/2019 20:46:57,AVENIDA SALINAS,1,JARDIM SAT�LITE,S.JOSE DOS CAMPOS,SP,-23,234832405,
13/03/2019 22:25:41,13/03/2019 22:44:19,A NOITE,13/03/2019 22:25:41,RUA PIMENTEIRAS,1,PARQUE INDUSTRIAL,S.JOSE DOS CAMPOS,SP,-23,2413651969999,
14/03/2019 12:57:50,14/03/2019 13:09:16,A NOITE,14/03/2019 12:57:50,AVENIDA CASSIOPEIA,0,JARDIM SAT�LITE,S.JOSE DOS CAMPOS,SP,-23,2289831219999,
14/03/2019 14:16:57,14/03/2019 14:28:39,A NOITE,14/03/2019 14:16:57,RODOVIA RODOVIA PRESIDENTE DUTRA,0,GENERAL MOTORS DO BRASIL S/A,S.JOSE DOS CAMPOS,SP,-23,168341843,
14/03/2019 15:26:34,14/03/2019 15:55:06,PELA MANHA,14/03/2019 15:26:34,PRA�A FRANCISCO ESCOBAR,103,MONTE CASTELO,S.JOSE DOS CAMPOS,SP,-23,1845795244327,
14/03/2019 18:25:52,14/03/2019 18:40:18,A NOITE,14/03/2019 18:25:52,RUA ESTADOS UNIDOS,100,VISTA VERDE,S.JOSE DOS CAMPOS,SP,-23,1841423463666,
14/03/2019 23:32:02,14/03/2019 23:44:44,A NOITE,14/03/2019 23:32:02,RUA PATATIVA,1,VILA TATETUBA,S.JOSE DOS CAMPOS,SP,-23,1835177409999,
15/03/2019 09:57:03,15/03/2019 11:26:00,PELA MANHA,15/03/2019 09:57:03,RODOVIA RODOVIA PRESIDENTE DUTRA,138,EUG�NIO DE MELO,S.JOSE DOS CAMPOS,SP,-23,158296026,Motorola
15/03/2019 09:57:03,15/03/2019 11:26:00,PELA MANHA,15/03/2019 09:57:03,RODOVIA RODOVIA PRESIDENTE DUTRA,138,EUG�NIO DE MELO,S.JOSE DOS CAMPOS,SP,-23,158296026,Samsung
15/03/2019 13:15:04,15/03/2019 13:33:29,A NOITE,15/03/2019 13:15:04,PONTE MARIA PERGRINHA,100,JARDIM TELESPARK,S.JOSE DOS CAMPOS,SP,-23,1597370910038,
15/03/2019 15:50:52,15/03/2019 16:03:36,A TARDE,15/03/2019 15:50:52,RUA IPIAU,200,JARDIM SAT�LITE,S.JOSE DOS CAMPOS,SP,-23,2310068842127,
15/03/2019 20:58:42,15/03/2019 21:08:59,A NOITE,15/03/2019 20:58:42,AVENIDA PERSEU,190,JARDIM SAT�LITE,S.JOSE DOS CAMPOS,SP,-23,2237431862857,
15/03/2019 22:41:05,15/03/2019 23:25:54,A NOITE,15/03/2019 22:41:05,RUA GISELE MARTINS,580,JARDIM MORUMBI,S.JOSE DOS CAMPOS,SP,-23,250602373,
15/03/2019 22:11:03,16/03/2019 00:55:49,A NOITE,15/03/2019 22:11:03,PRA�A JOSSEI TODA,100,BOSQUE DOS EUCALIPTOS,S.JOSE DOS CAMPOS,SP,-23,2371518820638,
15/03/2019 22:11:03,16/03/2019 00:55:49,A NOITE,15/03/2019 22:11:03,PRA�A JOSSEI TODA,100,BOSQUE DOS EUCALIPTOS,S.JOSE DOS CAMPOS,SP,-23,2371518820638,
15/03/2019 22:11:03,16/03/2019 00:55:49,A NOITE,15/03/2019 22:11:03,PRA�A JOSSEI TODA,100,BOSQUE DOS EUCALIPTOS,S.JOSE DOS CAMPOS,SP,-23,2371518820638,
15/03/2019 22:11:03,16/03/2019 00:55:49,A NOITE,15/03/2019 22:11:03,PRA�A JOSSEI TODA,100,BOSQUE DOS EUCALIPTOS,S.JOSE DOS CAMPOS,SP,-23,2371518820638,
17/03/2019 09:02:05,17/03/2019 09:17:03,A NOITE,17/03/2019 09:02:05,RUA ENGENHEIRO DEMERVAL VERAS,18,VILA INDUSTRIAL,S.JOSE DOS CAMPOS,SP,-23,1757566106857,LG
17/03/2019 11:08:12,17/03/2019 12:10:04,A NOITE,17/03/2019 11:08:12,RUA FERNANDO PESSOA,681,CENTRO,CACAPAVA,SP,-23,1028772884468,
17/03/2019 11:08:12,17/03/2019 12:10:04,A NOITE,17/03/2019 11:08:12,RUA FERNANDO PESSOA,681,CENTRO,CACAPAVA,SP,-23,1028772884468,
17/03/2019 11:08:12,17/03/2019 12:10:04,A NOITE,17/03/2019 11:08:12,RUA FERNANDO PESSOA,681,CENTRO,CACAPAVA,SP,-23,1028772884468,
17/03/2019 16:28:27,17/03/2019 16:28:31,A TARDE,17/03/2019 16:28:27,AVENIDA RUI BARBOSA,400,JARDIM BELA VISTA,S.JOSE DOS CAMPOS,SP,-23,175896,
17/03/2019 22:59:27,17/03/2019 23:22:44,A TARDE,17/03/2019 22:59:27,AVENIDA JULIO CEZAR VILLACA,368,JARDIM SANTA LUZIA,S.JOSE DOS CAMPOS,SP,-23,2366872453557,
18/03/2019 01:57:22,18/03/2019 04:32:40,A NOITE,18/03/2019 01:57:22,RUA LAURENT MARTINS,479,JARDIM ESPLANADA II,S.JOSE DOS CAMPOS,SP,-23,198453951,
18/03/2019 01:57:22,18/03/2019 04:32:40,A NOITE,18/03/2019 01:57:22,RUA LAURENT MARTINS,479,JARDIM ESPLANADA II,S.JOSE DOS CAMPOS,SP,-23,198453951,
18/03/2019 01:57:22,18/03/2019 04:32:40,A NOITE,18/03/2019 01:57:22,RUA LAURENT MARTINS,479,JARDIM ESPLANADA II,S.JOSE DOS CAMPOS,SP,-23,198453951,
18/03/2019 01:57:22,18/03/2019 04:32:40,A NOITE,18/03/2019 01:57:22,RUA LAURENT MARTINS,479,JARDIM ESPLANADA II,S.JOSE DOS CAMPOS,SP,-23,198453951,
18/03/2019 01:57:22,18/03/2019 04:32:40,A NOITE,18/03/2019 01:57:22,RUA LAURENT MARTINS,479,JARDIM ESPLANADA II,S.JOSE DOS CAMPOS,SP,-23,198453951,
18/03/2019 01:57:22,18/03/2019 04:32:40,A NOITE,18/03/2019 01:57:22,RUA LAURENT MARTINS,479,JARDIM ESPLANADA II,S.JOSE DOS CAMPOS,SP,-23,198453951,
18/03/2019 01:57:22,18/03/2019 04:32:40,A NOITE,18/03/2019 01:57:22,RUA LAURENT MARTINS,479,JARDIM ESPLANADA II,S.JOSE DOS CAMPOS,SP,-23,198453951,
18/03/2019 01:57:22,18/03/2019 04:32:40,A NOITE,18/03/2019 01:57:22,RUA LAURENT MARTINS,479,JARDIM ESPLANADA II,S.JOSE DOS CAMPOS,SP,-23,198453951,
18/03/2019 07:09:01,18/03/2019 07:09:05,DE MADRUGADA,18/03/2019 07:09:01,AVENIDA PEDRO FRIGGI,445,VISTA VERDE,S.JOSE DOS CAMPOS,SP,-23,1781565,
18/03/2019 07:45:13,18/03/2019 08:12:29,PELA MANHA,18/03/2019 07:45:13,AVENIDA BRASIL,938,MONTE CASTELO,S.JOSE DOS CAMPOS,SP,-23,180160094875,
18/03/2019 09:27:40,18/03/2019 09:40:37,DE MADRUGADA,18/03/2019 09:27:40,AVENIDA PRESIDENTE TANCREDO NEVES,4316,SANTA MARIA,S.JOSE DOS CAMPOS,SP,-23,1870248894366,Samsung
18/03/2019 15:29:32,18/03/2019 15:42:34,A TARDE,18/03/2019 15:29:32,RODOVIA JO�O DO AMARAL GURGEL,2460,CENTRO,CACAPAVA,SP,-23,1028772884468,
18/03/2019 15:42:02,18/03/2019 16:54:45,DE MADRUGADA,18/03/2019 15:42:02,MARGINAL PRESIDENTE DUTRA,0,JARDIM COPACABANA,S.JOSE DOS CAMPOS,SP,-23,1730147759999,
18/03/2019 17:05:08,18/03/2019 17:19:15,A NOITE,18/03/2019 17:05:08,AVENIDA 2,999,CONJUNTO HABITACIONAL POL�CIA MILITAR,S.JOSE DOS CAMPOS,SP,-23,2554578629999,
18/03/2019 17:30:22,18/03/2019 18:59:16,PELA MANHA,18/03/2019 17:30:22,AVENIDA JOSE SCARPEL,1,PARQUE NOVA ESPERAN�A,S.JOSE DOS CAMPOS,SP,-23,198483847,
18/03/2019 17:30:22,18/03/2019 18:59:16,PELA MANHA,18/03/2019 17:30:22,AVENIDA JOSE SCARPEL,1,PARQUE NOVA ESPERAN�A,S.JOSE DOS CAMPOS,SP,-23,198483847,
18/03/2019 17:30:22,18/03/2019 18:59:16,PELA MANHA,18/03/2019 17:30:22,AVENIDA JOSE SCARPEL,1,PARQUE NOVA ESPERAN�A,S.JOSE DOS CAMPOS,SP,-23,198483847,
18/03/2019 17:30:22,18/03/2019 18:59:16,PELA MANHA,18/03/2019 17:30:22,AVENIDA JOSE SCARPEL,1,PARQUE NOVA ESPERAN�A,S.JOSE DOS CAMPOS,SP,-23,198483847,
18/03/2019 18:58:08,18/03/2019 19:07:30,PELA MANHA,18/03/2019 18:58:08,RUA BACABAL,100,PARQUE INDUSTRIAL,S.JOSE DOS CAMPOS,SP,-23,2272413317143,
18/03/2019 19:13:53,18/03/2019 19:15:46,PELA MANHA,18/03/2019 19:13:53,AVENIDA JOSE SCARPEL,1,PARQUE NOVA ESPERAN�A,S.JOSE DOS CAMPOS,SP,-23,198483847,
18/03/2019 19:13:53,18/03/2019 19:15:46,PELA MANHA,18/03/2019 19:13:53,AVENIDA JOSE SCARPEL,1,PARQUE NOVA ESPERAN�A,S.JOSE DOS CAMPOS,SP,-23,198483847,
18/03/2019 19:13:53,18/03/2019 19:15:46,PELA MANHA,18/03/2019 19:13:53,AVENIDA JOSE SCARPEL,1,PARQUE NOVA ESPERAN�A,S.JOSE DOS CAMPOS,SP,-23,198483847,
18/03/2019 19:13:53,18/03/2019 19:15:46,PELA MANHA,18/03/2019 19:13:53,AVENIDA JOSE SCARPEL,1,PARQUE NOVA ESPERAN�A,S.JOSE DOS CAMPOS,SP,-23,198483847,
18/03/2019 19:05:38,18/03/2019 19:40:55,A TARDE,18/03/2019 19:05:38,RUA ANTONIO SAES,25,CENTRO,S.JOSE DOS CAMPOS,SP,-23,187994478,
18/03/2019 23:38:19,19/03/2019 00:06:28,A NOITE,18/03/2019 23:38:19,AVENIDA CINCO,11,JARDIM MORUMBI,S.JOSE DOS CAMPOS,SP,-23,2602611773548,
19/03/2019 00:07:28,19/03/2019 00:37:39,PELA MANHA,19/03/2019 00:07:28,RUA JOSE DE ALENCAR,265,CENTRO,S.JOSE DOS CAMPOS,SP,-23,184513865862,Motorola
19/03/2019 12:26:51,19/03/2019 12:50:25,PELA MANHA,19/03/2019 12:26:51,RUA ANTONIO SAES,485,CENTRO,S.JOSE DOS CAMPOS,SP,-23,1839409226666,Samsung
19/03/2019 12:26:51,19/03/2019 12:50:25,PELA MANHA,19/03/2019 12:26:51,RUA ANTONIO SAES,485,CENTRO,S.JOSE DOS CAMPOS,SP,-23,1839409226666,Samsung
19/03/2019 14:13:40,19/03/2019 14:52:48,A NOITE,19/03/2019 14:13:40,AVENIDA ELISIO GALDINO SOBRINHO,186,JARDIM MORUMBI,S.JOSE DOS CAMPOS,SP,-23,2526341371818,Samsung
19/03/2019 19:20:43,19/03/2019 19:56:31,PELA MANHA,19/03/2019 19:20:43,RODOVIA PRESIDENTE DUTRA (BR 116),154,CONJUNTO RESIDENCIAL 31 DE MAR�O,S.JOSE DOS CAMPOS,SP,-23,2365174064828,
19/03/2019 19:11:13,19/03/2019 21:21:10,A TARDE,19/03/2019 19:11:13,RUA VINTE E SETE DE JULHO,1,JARDIM PAULISTA,S.JOSE DOS CAMPOS,SP,-23,1885839839999,
19/03/2019 21:38:12,19/03/2019 22:07:36,A NOITE,19/03/2019 21:38:12,AVENIDA JOS� MARCONDES PEREIRA,1,CENTRO,S.JOSE DOS CAMPOS,SP,-23,183230147,
20/03/2019 12:04:52,20/03/2019 12:19:54,A TARDE,20/03/2019 12:04:52,AVENIDA IROMMAN VICTOR GARRIDO,500,URBANOVA,S.JOSE DOS CAMPOS,SP,-23,2007916429999,
20/03/2019 14:18:52,20/03/2019 15:17:10,PELA MANHA,20/03/2019 14:18:52,RUA ALEXANDRINA MARIA DA CONCEICAO,470,JARDIM NOVA DETROIT,S.JOSE DOS CAMPOS,SP,-23,166515429,
20/03/2019 14:18:52,20/03/2019 15:17:10,PELA MANHA,20/03/2019 14:18:52,RUA ALEXANDRINA MARIA DA CONCEICAO,470,JARDIM NOVA DETROIT,S.JOSE DOS CAMPOS,SP,-23,166515429,
20/03/2019 14:18:52,20/03/2019 15:17:10,PELA MANHA,20/03/2019 14:18:52,RUA ALEXANDRINA MARIA DA CONCEICAO,470,JARDIM NOVA DETROIT,S.JOSE DOS CAMPOS,SP,-23,166515429,Motorola
20/03/2019 14:18:52,20/03/2019 15:17:10,PELA MANHA,20/03/2019 14:18:52,RUA ALEXANDRINA MARIA DA CONCEICAO,470,JARDIM NOVA DETROIT,S.JOSE DOS CAMPOS,SP,-23,166515429,Motorola
20/03/2019 22:43:41,20/03/2019 23:18:53,A NOITE,20/03/2019 22:43:41,RUA VEREADOR GERALDO NOGUEIRA DA SILVA,0,RES ESPERAN�A,CACAPAVA,SP,-23,1134126819999,
21/03/2019 09:54:34,21/03/2019 10:08:24,A NOITE,21/03/2019 09:54:34,RUA HELENA TIRELLO ALVARENGA SOUZA,160,PALMEIRAS DE S�O JOS�,S.JOSE DOS CAMPOS,SP,-23,23535900092,
21/03/2019 10:48:03,21/03/2019 11:00:57,A NOITE,21/03/2019 10:48:03,AVENIDA TIVOLI,0,VILA SANCHES,S.JOSE DOS CAMPOS,SP,-23,204865814,
21/03/2019 11:54:24,21/03/2019 11:54:06,A NOITE,21/03/2019 11:54:24,VIADUTO RAQUEL MARCONDES,0,CENTRO,S.JOSE DOS CAMPOS,SP,-23,1870878989999,
21/03/2019 11:54:58,21/03/2019 12:05:17,DE MADRUGADA,21/03/2019 11:54:58,RUA JOAQUIM BATISTA CARVALHO,65,JARDIM SANTA IN�S I,S.JOSE DOS CAMPOS,SP,-23,1746933185999,Motorola
21/03/2019 11:56:08,21/03/2019 12:09:18,PELA MANHA,21/03/2019 11:56:08,RUA COMENDADOR JO�O LOPES,130,CENTRO,CACAPAVA,SP,-23,1028772884468,
21/03/2019 11:56:08,21/03/2019 12:09:18,PELA MANHA,21/03/2019 11:56:08,RUA COMENDADOR JO�O LOPES,130,CENTRO,CACAPAVA,SP,-23,1028772884468,
21/03/2019 13:35:24,21/03/2019 18:00:38,PELA MANHA,21/03/2019 13:35:24,RUA BUDAPEST,201,JARDIM AUGUSTA,S.JOSE DOS CAMPOS,SP,-23,1974358636285,
21/03/2019 13:35:24,21/03/2019 18:00:38,PELA MANHA,21/03/2019 13:35:24,RUA BUDAPEST,201,JARDIM AUGUSTA,S.JOSE DOS CAMPOS,SP,-23,1974358636285,
21/03/2019 13:35:24,21/03/2019 18:00:38,PELA MANHA,21/03/2019 13:35:24,RUA BUDAPEST,201,JARDIM AUGUSTA,S.JOSE DOS CAMPOS,SP,-23,1974358636285,
21/03/2019 13:35:24,21/03/2019 18:00:38,PELA MANHA,21/03/2019 13:35:24,RUA BUDAPEST,201,JARDIM AUGUSTA,S.JOSE DOS CAMPOS,SP,-23,1974358636285,
21/03/2019 13:35:24,21/03/2019 18:00:38,PELA MANHA,21/03/2019 13:35:24,RUA BUDAPEST,201,JARDIM AUGUSTA,S.JOSE DOS CAMPOS,SP,-23,1974358636285,
21/03/2019 13:35:24,21/03/2019 18:00:38,PELA MANHA,21/03/2019 13:35:24,RUA BUDAPEST,201,JARDIM AUGUSTA,S.JOSE DOS CAMPOS,SP,-23,1974358636285,
21/03/2019 19:36:19,21/03/2019 20:23:14,A TARDE,21/03/2019 19:36:19,AVENIDA JOSE SCARPEL,1800,PARQUE NOVA ESPERAN�A,S.JOSE DOS CAMPOS,SP,-23,1996542529999,MOTOROLA
21/03/2019 23:12:04,21/03/2019 23:35:45,A NOITE,21/03/2019 23:12:04,RUA PROCOPIO FERREIRA,32,JARDIM NOVA DETROIT,S.JOSE DOS CAMPOS,SP,-23,1700891326406,
21/03/2019 23:12:04,21/03/2019 23:35:45,A NOITE,21/03/2019 23:12:04,RUA PROCOPIO FERREIRA,32,JARDIM NOVA DETROIT,S.JOSE DOS CAMPOS,SP,-23,1700891326406,
21/03/2019 23:32:30,21/03/2019 23:54:25,A NOITE,21/03/2019 23:32:30,RUA CORONEL JOSE MONTEIRO,10,CENTRO,S.JOSE DOS CAMPOS,SP,-23,1832145998888,Samsung
22/03/2019 14:22:42,22/03/2019 14:37:31,A TARDE,22/03/2019 14:22:42,AVENIDA JOSE SCARPEL,1800,PARQUE NOVA ESPERAN�A,S.JOSE DOS CAMPOS,SP,-23,1996542529999,MOTOROLA
22/03/2019 22:56:17,22/03/2019 23:19:14,A NOITE,22/03/2019 22:56:17,RUA JOSEFA ALBUQUERQUE DOS SANTOS,830,JARDIM MORUMBI,S.JOSE DOS CAMPOS,SP,-23,256249907,
22/03/2019 23:21:08,22/03/2019 23:41:06,PELA MANHA,22/03/2019 23:21:08,RODOVIA PRESIDENTE DUTRA KM 131,0,CENTRO,CACAPAVA,SP,-23,1028772884468,
22/03/2019 23:24:38,22/03/2019 23:42:17,A NOITE,22/03/2019 23:24:38,RUA JOSEFA ALBUQUERQUE DOS SANTOS,830,JARDIM MORUMBI,S.JOSE DOS CAMPOS,SP,-23,256249907,
23/03/2019 08:17:59,23/03/2019 08:43:51,A NOITE,23/03/2019 08:17:59,RUA AGUA BOA,45,BOSQUE DOS EUCALIPTOS,S.JOSE DOS CAMPOS,SP,-23,2380665986444,Samsung
23/03/2019 12:10:23,23/03/2019 12:54:49,A NOITE,23/03/2019 12:10:23,RUA ANTONIO PORFIRIO DA SILVA,1,JARDIM TOP�ZIO,S.JOSE DOS CAMPOS,SP,-23,193721156,
23/03/2019 11:32:37,23/03/2019 16:04:19,DE MADRUGADA,23/03/2019 11:32:37,RUA TUPA,47,RESIDENCIAL MARTINS PEREIRA,S.JOSE DOS CAMPOS,SP,-23,1886757064612,
23/03/2019 17:25:31,23/03/2019 17:55:35,A TARDE,23/03/2019 17:25:31,RUA ADONIAS DA SILVA,650,CAMPO DOS ALEM�ES,S.JOSE DOS CAMPOS,SP,-23,273472645,Samsung
24/03/2019 13:23:21,24/03/2019 13:35:52,A TARDE,24/03/2019 13:23:21,RUA JOSE NUNES DE PAULA,1,VILA ROSSI,S.JOSE DOS CAMPOS,SP,-23,170089585,
24/03/2019 18:52:25,24/03/2019 19:19:33,A TARDE,24/03/2019 18:52:25,AVENIDA OLIVIO GOMES,10,VILA ZIZINHA,S.JOSE DOS CAMPOS,SP,-23,1720860310633,
25/03/2019 09:06:58,25/03/2019 09:33:08,A TARDE,25/03/2019 09:06:58,RUA HAMILTON DE FREITAS,0,RESIDENCIAL GALO BRANCO,S.JOSE DOS CAMPOS,SP,-23,141482469,
25/03/2019 11:14:58,25/03/2019 11:25:36,PELA MANHA,25/03/2019 11:14:58,ACESSO AVENIDA ANTONIO DA COSTA NUNES,1,CAMPOS DE S�O JOS�,S.JOSE DOS CAMPOS,SP,-23,2097775409999,Samsung
25/03/2019 12:04:09,25/03/2019 12:25:17,A NOITE,25/03/2019 12:04:09,AVENIDA DO TUBARAO,0,PARQUE RESIDENCIAL AQU�RIUS,S.JOSE DOS CAMPOS,SP,-23,21733961,
25/03/2019 13:46:03,25/03/2019 13:49:33,A TARDE,25/03/2019 13:46:03,ESTRADA JOEL DE PAULA,0,CAP�O GROSSO,S.JOSE DOS CAMPOS,SP,-23,175604426,
25/03/2019 13:46:03,25/03/2019 13:49:33,A TARDE,25/03/2019 13:46:03,ESTRADA JOEL DE PAULA,0,CAP�O GROSSO,S.JOSE DOS CAMPOS,SP,-23,175604426,
25/03/2019 13:46:03,25/03/2019 13:49:33,A TARDE,25/03/2019 13:46:03,ESTRADA JOEL DE PAULA,0,CAP�O GROSSO,S.JOSE DOS CAMPOS,SP,-23,175604426,Motorola
25/03/2019 13:46:03,25/03/2019 13:49:33,A TARDE,25/03/2019 13:46:03,ESTRADA JOEL DE PAULA,0,CAP�O GROSSO,S.JOSE DOS CAMPOS,SP,-23,175604426,Motorola
25/03/2019 16:20:48,25/03/2019 16:46:58,A NOITE,25/03/2019 16:20:48,RUA OSLO,187,VILA LET�NIA,S.JOSE DOS CAMPOS,SP,-23,2129115293428,
25/03/2019 19:13:24,25/03/2019 19:57:25,A TARDE,25/03/2019 19:13:24,AVENIDA DOS ASTRONAUTAS,2204,PARQUE MARTIN CERER�,S.JOSE DOS CAMPOS,SP,-23,2102192209999,
26/03/2019 09:17:06,26/03/2019 09:39:16,A TARDE,26/03/2019 09:17:06,AVENIDA BRASIL,1001,JARDIM ITAMARATI,CACAPAVA,SP,-23,1097427746085,
26/03/2019 09:22:09,26/03/2019 09:52:12,A NOITE,26/03/2019 09:22:09,RUA GERALDO MESSIAS,10,VILA UNIDOS,S.JOSE DOS CAMPOS,SP,-23,156816308094,
26/03/2019 10:15:21,26/03/2019 10:38:18,A TARDE,26/03/2019 10:15:21,RUA TOM�S AUGUSTO DE OLIVEIRA,91,VILA SANTA ISABEL,CACAPAVA,SP,-23,112091392,
26/03/2019 11:48:28,26/03/2019 11:48:29,A NOITE,26/03/2019 11:48:28,RUA TSUNESSABURO MAKIGUTI,157,FLORADAS DE SAO JOSE,S.JOSE DOS CAMPOS,SP,-23,221482,
26/03/2019 11:10:02,26/03/2019 12:28:25,PELA MANHA,26/03/2019 11:10:02,RUA LAGOA SANTA,401,CHACARAS REUNIDAS,S.JOSE DOS CAMPOS,SP,-23,2524667788684,
26/03/2019 11:10:02,26/03/2019 12:28:25,PELA MANHA,26/03/2019 11:10:02,RUA LAGOA SANTA,401,CHACARAS REUNIDAS,S.JOSE DOS CAMPOS,SP,-23,2524667788684,
26/03/2019 11:10:02,26/03/2019 12:28:25,PELA MANHA,26/03/2019 11:10:02,RUA LAGOA SANTA,401,CHACARAS REUNIDAS,S.JOSE DOS CAMPOS,SP,-23,2524667788684,
26/03/2019 11:10:02,26/03/2019 12:28:25,PELA MANHA,26/03/2019 11:10:02,RUA LAGOA SANTA,401,CHACARAS REUNIDAS,S.JOSE DOS CAMPOS,SP,-23,2524667788684,
26/03/2019 11:10:02,26/03/2019 12:28:25,PELA MANHA,26/03/2019 11:10:02,RUA LAGOA SANTA,401,CHACARAS REUNIDAS,S.JOSE DOS CAMPOS,SP,-23,2524667788684,
26/03/2019 11:10:02,26/03/2019 12:28:25,PELA MANHA,26/03/2019 11:10:02,RUA LAGOA SANTA,401,CHACARAS REUNIDAS,S.JOSE DOS CAMPOS,SP,-23,2524667788684,
26/03/2019 16:57:34,26/03/2019 17:02:12,A NOITE,26/03/2019 16:57:34,RUA AGUA BOA,45,BOSQUE DOS EUCALIPTOS,S.JOSE DOS CAMPOS,SP,-23,2380665986444,SAMSUNG
27/03/2019 09:55:14,27/03/2019 10:11:00,A TARDE,27/03/2019 09:55:14,RUA FAUZE DIMAS LUMUMBA GONCALVES,27,JARDIM SANTA INES I,S.JOSE DOS CAMPOS,SP,-23,1705820254838,Motorola
27/03/2019 09:51:31,27/03/2019 10:15:16,PELA MANHA,27/03/2019 09:51:31,RODOVIA PRESIDENTE DUTRA KM 131,0,CENTRO,CACAPAVA,SP,-23,1028772884468,
27/03/2019 10:22:42,27/03/2019 10:35:56,A NOITE,27/03/2019 10:22:42,RUA MONTE DAS OLIVEIRAS,100,JARDIM ALTOS DE SANTANA,S.JOSE DOS CAMPOS,SP,-23,1634427451116,
27/03/2019 17:06:04,27/03/2019 17:18:28,DE MADRUGADA,27/03/2019 17:06:04,RODOVIA RODOVIA PRESIDENTE DUTRA,0,GENERAL MOTORS DO BRASIL S/A,S.JOSE DOS CAMPOS,SP,-23,168341843,
28/03/2019 09:36:58,28/03/2019 09:37:26,A NOITE,28/03/2019 09:36:58,AVENIDA MARIANA ANDRADE,1000,JARDIM MARIANA II,S.JOSE DOS CAMPOS,SP,-23,1214584539999,
28/03/2019 09:31:30,28/03/2019 09:43:20,A NOITE,28/03/2019 09:31:30,RUA GOVERNADOR ANDRE FRANCO MONTORO,1,RES ESPERANCA,CACAPAVA,SP,-23,2648364585122,
28/03/2019 10:55:44,28/03/2019 10:56:33,A NOITE,28/03/2019 10:55:44,RUA NEIDE MARILIA RIBEIRO,23,PARQUE RESIDENCIAL UNIAO,S.JOSE DOS CAMPOS,SP,-23,1751159000895,
28/03/2019 11:52:56,28/03/2019 11:52:56,A NOITE,28/03/2019 11:52:56,RUA DAS VIOLETAS,53,JARDIM MOTORAMA,S.JOSE DOS CAMPOS,SP,-23,1896994551428,
29/03/2019 10:52:47,29/03/2019 11:02:15,A TARDE,29/03/2019 10:52:47,RUA DEZENOVE DE MARCO,19,PARQUE NOVO HORIZONTE,S.JOSE DOS CAMPOS,SP,-23,179328185,Samsung
29/03/2019 11:22:23,29/03/2019 12:09:23,A NOITE,29/03/2019 11:22:23,PRACA RICARDO JOSE MOLINA,1,VILA INDUSTRIAL,S.JOSE DOS CAMPOS,SP,-23,179328185,
29/03/2019 11:22:23,29/03/2019 12:09:23,A NOITE,29/03/2019 11:22:23,PRACA RICARDO JOSE MOLINA,1,VILA INDUSTRIAL,S.JOSE DOS CAMPOS,SP,-23,1597575920236,
29/03/2019 13:12:59,29/03/2019 13:32:29,A NOITE,29/03/2019 13:12:59,,0,,S.JOSE DOS CAMPOS,SP,-23,188934692356,
29/03/2019 16:48:58,29/03/2019 17:08:35,A TARDE,29/03/2019 16:48:58,AVENIDA PICO DAS AGULHAS NEGRAS,1645,JARDIM ALTOS DE SANTANA,S.JOSE DOS CAMPOS,SP,-23,1921456476742,
29/03/2019 17:59:36,29/03/2019 18:35:35,A NOITE,29/03/2019 17:59:36,RUA TUPA,90,RESIDENCIAL MARTINS PEREIRA,S.JOSE DOS CAMPOS,SP,-23,183230147,
30/03/2019 09:56:00,30/03/2019 10:15:38,PELA MANHA,30/03/2019 09:56:00,AVENIDA SANTOS DUMONT,108,JARDIM SAO JOSE - CENTRO,S.JOSE DOS CAMPOS,SP,-23,173301,
30/03/2019 10:11:44,30/03/2019 10:28:46,PELA MANHA,30/03/2019 10:11:44,AVENIDA SAO JOSE,1,CENTRO,S.JOSE DOS CAMPOS,SP,-23,2056189209999,
