BO_INICIADO,DATAOCORRENCIA,PERIDOOCORRENCIA,DATAELABORACAO,LOGRADOURO,NUMERO,BAIRRO,CIDADE,UF,LATITUDE,LONGITUDE,DESCRICAOLOCAL
31/2019,02/01/2019,A NOITE,02/01/2019 22:53:25,RUA DOS FERREIROS,59,PARQUE NOVO HORIZONTE,S.JOSE DOS CAMPOS,SP,-23,1979849307733,-45
31/2019,02/01/2019,A NOITE,02/01/2019 22:53:25,RUA DOS FERREIROS,59,PARQUE NOVO HORIZONTE,S.JOSE DOS CAMPOS,SP,-23,1979849307733,-45
31/2019,02/01/2019,A NOITE,02/01/2019 22:53:25,RUA DOS FERREIROS,59,PARQUE NOVO HORIZONTE,S.JOSE DOS CAMPOS,SP,-23,1979849307733,-45
31/2019,02/01/2019,A NOITE,02/01/2019 22:53:25,RUA DOS FERREIROS,59,PARQUE NOVO HORIZONTE,S.JOSE DOS CAMPOS,SP,-23,1979849307733,-45
31/2019,02/01/2019,A NOITE,02/01/2019 22:53:25,RUA DOS FERREIROS,59,PARQUE NOVO HORIZONTE,S.JOSE DOS CAMPOS,SP,-23,1979849307733,-45
31/2019,02/01/2019,A NOITE,02/01/2019 22:53:25,RUA DOS FERREIROS,59,PARQUE NOVO HORIZONTE,S.JOSE DOS CAMPOS,SP,-23,1979849307733,-45
31/2019,02/01/2019,A NOITE,02/01/2019 22:53:25,RUA DOS FERREIROS,59,PARQUE NOVO HORIZONTE,S.JOSE DOS CAMPOS,SP,-23,1979849307733,-45
31/2019,02/01/2019,A NOITE,02/01/2019 22:53:25,RUA DOS FERREIROS,59,PARQUE NOVO HORIZONTE,S.JOSE DOS CAMPOS,SP,-23,1979849307733,-45
31/2019,02/01/2019,A NOITE,02/01/2019 22:53:25,RUA DOS FERREIROS,59,PARQUE NOVO HORIZONTE,S.JOSE DOS CAMPOS,SP,-23,1979849307733,-45
31/2019,02/01/2019,A NOITE,02/01/2019 22:53:25,RUA DOS FERREIROS,59,PARQUE NOVO HORIZONTE,S.JOSE DOS CAMPOS,SP,-23,1979849307733,-45
31/2019,02/01/2019,A NOITE,02/01/2019 22:53:25,RUA DOS FERREIROS,59,PARQUE NOVO HORIZONTE,S.JOSE DOS CAMPOS,SP,-23,1979849307733,-45
31/2019,02/01/2019,A NOITE,02/01/2019 22:53:25,RUA DOS FERREIROS,59,PARQUE NOVO HORIZONTE,S.JOSE DOS CAMPOS,SP,-23,1979849307733,-45
31/2019,02/01/2019,A NOITE,02/01/2019 22:53:25,RUA DOS FERREIROS,59,PARQUE NOVO HORIZONTE,S.JOSE DOS CAMPOS,SP,-23,1979849307733,-45
31/2019,02/01/2019,A NOITE,02/01/2019 22:53:25,RUA DOS FERREIROS,59,PARQUE NOVO HORIZONTE,S.JOSE DOS CAMPOS,SP,-23,1979849307733,-45
10/2019,29/12/2018,A NOITE,03/01/2019 09:35:54,VIADUTO RAQUEL MARCONDES,0,CENTRO,S.JOSE DOS CAMPOS,SP,-23,1870878989999,-45
21/2019,02/01/2019,A NOITE,03/01/2019 12:48:17,RUA ELMANO FERREIRA VELOSO,200,JARDIM ESTORIL,S.JOSE DOS CAMPOS,SP,-23,2499805773048,-45
5397/2019,31/12/2018,A TARDE,03/01/2019 14:31:38,AVENIDA DOUTOR JOAO BATISTA SOARES DE QU,0,JARDIM DAS IND�STRIAS,S.JOSE DOS CAMPOS,SP,-23,223766967,-45
17/2019,30/12/2018,A NOITE,03/01/2019 16:15:07,RUA DOM JOAO VI,1,JARDIM IMPERIAL,S.JOSE DOS CAMPOS,SP,-23,275946974,-45
34/2019,04/01/2019,DE MADRUGADA,04/01/2019 07:15:52,AVENIDA JORGE ZARRUR,100,URBANOVA,S.JOSE DOS CAMPOS,SP,-23,2028281237091,-45
24/2019,04/01/2019,EM HORA INCERTA,04/01/2019 10:53:16,RUA PADRE WILSON CUNHA,799,CONJUNTO HABITACIONAL DOM PEDRO II,S.JOSE DOS CAMPOS,SP,-23,273769994,-45
22/2019,28/12/2018,A NOITE,04/01/2019 14:44:40,AVENIDA PRESIDENTE JUSCELINO KUBITSCHEK,7838,JARDIM VALPARA�BA,S.JOSE DOS CAMPOS,SP,-23,177390359,-45
56/2019,31/12/2018,PELA MANHA,04/01/2019 15:39:49,,0,,S.JOSE DOS CAMPOS,SP,-23,2472448,Resid�ncia
12648/2019,01/01/2019,A NOITE,05/01/2019 00:02:32,RUA GOVERNADOR VALADARES,40,VILA IRACEMA,S.JOSE DOS CAMPOS,SP,-23,1748299,-45
14134/2019,20/12/2018,PELA MANHA,05/01/2019 15:48:30,RUA ALBERTO RENART,662,JARDIM SANTA INES I,S.JOSE DOS CAMPOS,SP,-23,231166236125,-45
43/2019,06/01/2019,A NOITE,07/01/2019 11:22:34,AVENIDA ANDROMEDA,2000,JARDIM SAT�LITE,S.JOSE DOS CAMPOS,SP,-23,2028281237091,-45
7/2019,04/01/2019,DE MADRUGADA,07/01/2019 16:08:55,AVENIDA JORGE ZARRUR,100,URBANOVA,S.JOSE DOS CAMPOS,SP,-23,2028281237091,-45
7/2019,04/01/2019,DE MADRUGADA,07/01/2019 16:08:55,AVENIDA JORGE ZARRUR,100,URBANOVA,S.JOSE DOS CAMPOS,SP,-23,2028281237091,-45
7/2019,04/01/2019,DE MADRUGADA,07/01/2019 16:08:55,AVENIDA JORGE ZARRUR,100,URBANOVA,S.JOSE DOS CAMPOS,SP,-23,2028281237091,-45
7/2019,04/01/2019,DE MADRUGADA,07/01/2019 16:08:55,AVENIDA JORGE ZARRUR,100,URBANOVA,S.JOSE DOS CAMPOS,SP,-23,2028281237091,-45
7/2019,04/01/2019,DE MADRUGADA,07/01/2019 16:08:55,AVENIDA JORGE ZARRUR,100,URBANOVA,S.JOSE DOS CAMPOS,SP,-23,2028281237091,-45
7/2019,04/01/2019,DE MADRUGADA,07/01/2019 16:08:55,AVENIDA JORGE ZARRUR,100,URBANOVA,S.JOSE DOS CAMPOS,SP,-23,2028281237091,-45
7/2019,04/01/2019,DE MADRUGADA,07/01/2019 16:08:55,AVENIDA JORGE ZARRUR,100,URBANOVA,S.JOSE DOS CAMPOS,SP,-23,2028281237091,-45
7/2019,04/01/2019,DE MADRUGADA,07/01/2019 16:08:55,AVENIDA JORGE ZARRUR,100,URBANOVA,S.JOSE DOS CAMPOS,SP,-23,2028281237091,-45
7/2019,04/01/2019,DE MADRUGADA,07/01/2019 16:08:55,AVENIDA JORGE ZARRUR,100,URBANOVA,S.JOSE DOS CAMPOS,SP,-23,2028281237091,-45
7/2019,04/01/2019,DE MADRUGADA,07/01/2019 16:08:55,AVENIDA JORGE ZARRUR,100,URBANOVA,S.JOSE DOS CAMPOS,SP,-23,2028281237091,-45
7/2019,04/01/2019,DE MADRUGADA,07/01/2019 16:08:55,AVENIDA JORGE ZARRUR,100,URBANOVA,S.JOSE DOS CAMPOS,SP,-23,2028281237091,-45
7/2019,04/01/2019,DE MADRUGADA,07/01/2019 16:08:55,AVENIDA JORGE ZARRUR,100,URBANOVA,S.JOSE DOS CAMPOS,SP,-23,2028281237091,-45
7/2019,04/01/2019,DE MADRUGADA,07/01/2019 16:08:55,AVENIDA JORGE ZARRUR,100,URBANOVA,S.JOSE DOS CAMPOS,SP,-23,2028281237091,-45
7/2019,04/01/2019,DE MADRUGADA,07/01/2019 16:08:55,AVENIDA JORGE ZARRUR,100,URBANOVA,S.JOSE DOS CAMPOS,SP,-23,2730062355862,-45
66/2019,07/01/2019,A NOITE,07/01/2019 20:18:01,AVENIDA MARIA DE LOURDES MEDEIROS DE ASS,400,CONJUNTO HABITACIONAL DOM PEDRO II,S.JOSE DOS CAMPOS,SP,-23,2386768,-45
28717/2019,08/01/2019,DE MADRUGADA,08/01/2019 01:51:00,RUA MAR DEL PLATA,1026,JARDIM AMERICA,S.JOSE DOS CAMPOS,SP,-23,256763534,-45
23918/2019,04/01/2019,A TARDE,08/01/2019 06:09:26,AVENIDA FEIRA DE SANTANA,8000,JARDIM VALE DO SOL,S.JOSE DOS CAMPOS,SP,-23,167708,-45
26006/2019,03/12/2018,A NOITE,08/01/2019 11:34:04,AVENIDA CIDADE JARDIM,4521,JARDIM PORTUGAL,S.JOSE DOS CAMPOS,SP,-23,19271299,Via publica
76/2019,08/01/2019,DE MADRUGADA,08/01/2019 12:45:48,ESTRADA DO CAJURU,1,CAJUR�,S.JOSE DOS CAMPOS,SP,-23,168242092,-45
26952/2019,06/01/2019,PELA MANHA,08/01/2019 14:30:00,RUA DOUTOR CLAUDIO MARTINS MIRANDA CHAVE,125,JARDIM S�O VICENTE,CACAPAVA,SP,-23,1255308416541,-45
70/2019,07/01/2019,A TARDE,08/01/2019 13:57:34,RODOVIA PRESIDENTE DUTRA (BR 116),131,AREA RURAL,CACAPAVA,SP,-23,1255308416541,-45
70/2019,07/01/2019,A TARDE,08/01/2019 13:57:34,RODOVIA PRESIDENTE DUTRA (BR 116),131,AREA RURAL,CACAPAVA,SP,-23,1255308416541,-45
70/2019,07/01/2019,A TARDE,08/01/2019 13:57:34,RODOVIA PRESIDENTE DUTRA (BR 116),131,AREA RURAL,CACAPAVA,SP,-23,1255308416541,-45
70/2019,07/01/2019,A TARDE,08/01/2019 13:57:34,RODOVIA PRESIDENTE DUTRA (BR 116),131,AREA RURAL,S.JOSE DOS CAMPOS,SP,-23,229193266,-45
11/2019,23/12/2018,DE MADRUGADA,08/01/2019 17:02:32,AVENIDA CASSIANO RICARDO,0,ROYAL PARK,S.JOSE DOS CAMPOS,SP,-23,2060938839999,-45
78/2019,08/01/2019,A TARDE,08/01/2019 17:15:33,ESTRADA ANTONIO FREDERICO OZANAM,1550,SANTA HERM�NIA,S.JOSE DOS CAMPOS,SP,-23,192686909,-45
32236/2019,07/01/2019,A TARDE,09/01/2019 11:17:53,PRA�A DA BANDEIRA,180,CENTRO,CACAPAVA,SP,-23,994911339999,Via publica
85/2019,08/01/2019,A NOITE,09/01/2019 12:02:26,AVENIDA CORONEL MANOEL INOC�NCIO,1,CENTRO,S.JOSE DOS CAMPOS,SP,-23,1709012769425,-45
86/2019,08/01/2019,A TARDE,09/01/2019 15:44:44,AVENIDA JOSE PEDRO,201,JARDIM NOVA DETROIT,S.JOSE DOS CAMPOS,SP,-23,2278283670224,-45
34142/2019,31/12/2018,A NOITE,09/01/2019 19:20:11,RUA TEREZINA,80,PARQUE INDUSTRIAL,CACAPAVA,SP,-23,1028772884468,-45
90/2019,09/01/2019,A NOITE,10/01/2019 09:17:31,RUA JOSE MONTEIRO DA SILVA,70,CENTRO,CACAPAVA,SP,-23,1028772884468,-45
91/2019,22/12/2018,A NOITE,10/01/2019 09:31:20,ESTRADA NELCIO BERTI,1,CENTRO,S.JOSE DOS CAMPOS,SP,-23,214240284,-45
94/2019,09/01/2019,A NOITE,10/01/2019 10:06:15,RUA ANTONIO BERNARDO HEMKEMEIK,1,CAMPOS DE S�O JOS�,S.JOSE DOS CAMPOS,SP,-23,214240284,-45
94/2019,09/01/2019,A NOITE,10/01/2019 10:06:15,RUA ANTONIO BERNARDO HEMKEMEIK,1,CAMPOS DE S�O JOS�,S.JOSE DOS CAMPOS,SP,-23,19180618,-45
81/2019,10/01/2019,A TARDE,10/01/2019 13:38:05,RUA EUCLIDES MIRAGAIA,0,CENTRO,S.JOSE DOS CAMPOS,SP,-23,2096845469999,-45
108/2019,10/01/2019,A NOITE,11/01/2019 09:32:50,ESTRADA MATO DENTRO,1,SANTA HERM�NIA,CACAPAVA,SP,-23,1134126819999,-45
103/2019,11/01/2019,DE MADRUGADA,11/01/2019 10:24:17,RUA VEREADOR GERALDO NOGUEIRA DA SILVA,1,RES ESPERAN�A,S.JOSE DOS CAMPOS,SP,-23,1637747029999,-45
111/2019,11/01/2019,A TARDE,11/01/2019 19:12:02,AVENIDA RUI BARBOSA,1855,VILA ROSSI,S.JOSE DOS CAMPOS,SP,-23,18846953,-45
131/2019,11/01/2019,A NOITE,12/01/2019 19:21:26,PRA�A CAPIT�O PEDRO PINTO DA CUNHA,29,RESIDENCIAL MARTINS PEREIRA,S.JOSE DOS CAMPOS,SP,-23,246578698,-45
101/2019,13/01/2019,DE MADRUGADA,13/01/2019 05:41:25,AVENIDA FUSANOBU YOKOTA,999,JARDIM MORUMBI,S.JOSE DOS CAMPOS,SP,-23,183230147,-45
136/2019,13/01/2019,DE MADRUGADA,13/01/2019 09:07:01,AVENIDA SAO JOSE,0,CENTRO,S.JOSE DOS CAMPOS,SP,-23,901236575556,-45
138/2019,12/01/2019,A NOITE,13/01/2019 11:08:54,ESTRADA FLORINDO,3000,BURQUIRINHA,S.JOSE DOS CAMPOS,SP,-23,2657055423853,-45
54191/2019,13/01/2019,A NOITE,14/01/2019 05:20:03,RUA AGENOR XAVIER DE OLIVEIRA,39,BOSQUE DOS EUCALIPTOS,S.JOSE DOS CAMPOS,SP,-23,1878604491054,-45
122/2019,12/01/2019,A NOITE,14/01/2019 11:26:41,AVENIDA PRESIDENTE TANCREDO NEVES,4500,SANTA MARIA,S.JOSE DOS CAMPOS,SP,-23,183230147,-45
101/2019,13/01/2019,DE MADRUGADA,14/01/2019 11:48:45,AVENIDA SAO JOSE,0,CENTRO,S.JOSE DOS CAMPOS,SP,-23,2096845469999,-45
134/2019,10/01/2019,A NOITE,14/01/2019 14:39:21,ESTRADA MATO DENTRO,1,SANTA HERM�NIA,S.JOSE DOS CAMPOS,SP,-23,1101378563098,-45
63/2019,14/01/2019,PELA MANHA,14/01/2019 16:21:44,ESTRADA JOSE BENEDITO DE OLIVEIRA,310,BAIRRO DOS FREITAS,S.JOSE DOS CAMPOS,SP,-23,2574294426197,-45
89/2019,14/01/2019,A NOITE,15/01/2019 10:23:36,RUA TEREZA ALVES CURSINO,220,JARDIM PORTUGAL,S.JOSE DOS CAMPOS,SP,-23,189586796,-45
94/2019,12/01/2019,DE MADRUGADA,15/01/2019 17:44:48,,0,,S.JOSE DOS CAMPOS,SP,-23,1813784158056,Via publica
170/2019,14/01/2019,A NOITE,15/01/2019 19:04:43,RUA SEBASTIAO HUMEL,100,CENTRO,CACAPAVA,SP,-23,1213506729999,-45
175/2019,16/01/2019,PELA MANHA,16/01/2019 18:23:56,RODOVIA PRESIDENTE DUTRA (BR 116),130,RES ESPERAN�A,S.JOSE DOS CAMPOS,SP,-23,18762391,-45
68/2019,16/01/2019,A NOITE,17/01/2019 09:43:13,RUA ALDO JOSE DE SOUZA,0,CONJUNTO HABITACIONAL RONDA,S.JOSE DOS CAMPOS,SP,-23,2645203244091,-45
102/2019,16/01/2019,A TARDE,17/01/2019 10:22:31,RUA ALFREDO COSLOP,600,BOSQUE DOS EUCALIPTOS,S.JOSE DOS CAMPOS,SP,-23,2613574418666,-45
104/2019,16/01/2019,A NOITE,17/01/2019 11:12:41,RUA CINCINATO CAETANO DA SILVA,23,BOSQUE DOS EUCALIPTOS,S.JOSE DOS CAMPOS,SP,-23,1968300919333,-45
98/2019,16/01/2019,A TARDE,17/01/2019 14:16:00,AVENIDA ENGENHEIRO FRANCISCO JOSE LONGO,450,JARDIM S�O DIMAS,S.JOSE DOS CAMPOS,SP,-23,2302550171874,-45
163/2019,17/01/2019,DE MADRUGADA,17/01/2019 17:07:58,,0,,S.JOSE DOS CAMPOS,SP,-23,2286103129999,Resid�ncia
109/2019,17/01/2019,A TARDE,17/01/2019 17:47:35,RUA SCUTUM,528,JARDIM SAT�LITE,S.JOSE DOS CAMPOS,SP,-23,2286103129999,-45
109/2019,17/01/2019,A TARDE,17/01/2019 17:47:35,RUA SCUTUM,528,JARDIM SAT�LITE,S.JOSE DOS CAMPOS,SP,-23,2300114449999,-45
125/2019,17/01/2019,A TARDE,17/01/2019 19:27:48,RUA ENSEADA,0,CONJUNTO RESIDENCIAL CIDADE JARDIM,S.JOSE DOS CAMPOS,SP,-23,2080283769999,-45
129/2019,17/01/2019,A NOITE,17/01/2019 20:55:55,TRAVESSA MATO DENTRO,0,VILA MATILDE,CACAPAVA,SP,-23,104998376,-45
171/2019,17/01/2019,A TARDE,18/01/2019 10:51:57,RODOVIA DOUTOR EDMIR VIANA MOURA,1,VERA CRUZ,S.JOSE DOS CAMPOS,SP,-23,2580199667142,-45
128/2019,17/01/2019,A NOITE,18/01/2019 14:10:27,RUA BENEDITO ALEXANDRE TRINDADE,413,JARDIM PORTUGAL,S.JOSE DOS CAMPOS,SP,-23,158296026,-45
199/2019,18/01/2019,PELA MANHA,18/01/2019 21:49:57,RODOVIA RODOVIA PRESIDENTE DUTRA,140,EUG�NIO DE MELO,S.JOSE DOS CAMPOS,SP,-23,158296026,-45
199/2019,18/01/2019,PELA MANHA,18/01/2019 21:49:57,RODOVIA RODOVIA PRESIDENTE DUTRA,140,EUG�NIO DE MELO,S.JOSE DOS CAMPOS,SP,-23,158296026,-45
199/2019,18/01/2019,PELA MANHA,18/01/2019 21:49:57,RODOVIA RODOVIA PRESIDENTE DUTRA,140,EUG�NIO DE MELO,S.JOSE DOS CAMPOS,SP,-23,191780227,-45
220/2019,18/01/2019,A TARDE,19/01/2019 14:20:18,AVENIDA DOUTOR ADHEMAR DE BARROS,0,CENTRO,S.JOSE DOS CAMPOS,SP,-23,1733319261136,-45
148/2019,19/01/2019,A NOITE,20/01/2019 12:32:47,AVENIDA VICENTE BRANDAO FERREIRA,474,JARDIM SANTA IN�S I,S.JOSE DOS CAMPOS,SP,-23,1733319261136,-45
148/2019,19/01/2019,A NOITE,20/01/2019 12:32:47,AVENIDA VICENTE BRANDAO FERREIRA,474,JARDIM SANTA IN�S I,S.JOSE DOS CAMPOS,SP,-23,2079232564027,-45
235/2019,20/01/2019,A TARDE,20/01/2019 17:37:48,AVENIDA SAO JOAO,2200,JARDIM COLINAS,S.JOSE DOS CAMPOS,SP,-23,2079232564027,-45
239/2019,20/01/2019,A TARDE,20/01/2019 21:16:04,AVENIDA SAO JOAO,2200,JARDIM COLINAS,S.JOSE DOS CAMPOS,SP,-23,2079232564027,-45
239/2019,20/01/2019,A TARDE,20/01/2019 21:16:04,AVENIDA SAO JOAO,2200,JARDIM COLINAS,S.JOSE DOS CAMPOS,SP,-23,2580210521428,-45
120/2019,19/01/2019,A NOITE,21/01/2019 09:07:27,RUA BENEDITO ALEXANDRE TRINDADE,381,JARDIM PORTUGAL,CACAPAVA,SP,-23,119496198,-45
188/2019,20/01/2019,A NOITE,21/01/2019 10:23:19,RUA DOUTOR BERNARDO GALV�O MONTEIRO,285,CA�APAVA VELHA,CACAPAVA,SP,-23,1028772884468,-45
190/2019,19/01/2019,DE MADRUGADA,21/01/2019 11:01:48,PRA�A BANDEIRA,45,CENTRO,S.JOSE DOS CAMPOS,SP,-23,1987929125,-45
136/2019,15/01/2019,A TARDE,21/01/2019 13:35:23,AVENIDA ENGENHEIRO FRANCISCO JOSE LONGO,670,JARDIM S�O DIMAS,CACAPAVA,SP,-23,1028772884468,-45
197/2019,21/01/2019,PELA MANHA,21/01/2019 14:59:51,RODOVIA PRESIDENTE DUTRA KM 130,0,CENTRO,S.JOSE DOS CAMPOS,SP,-23,261788606,-45
160/2019,20/01/2019,A NOITE,21/01/2019 19:28:33,RUA 1,1,CAMPO DOS ALEM�ES,S.JOSE DOS CAMPOS,SP,-23,2516230345717,-45
140/2019,21/01/2019,A NOITE,22/01/2019 11:23:01,AVENIDA OURO FINO,1820,BOSQUE DOS EUCALIPTOS,CACAPAVA,SP,-23,1028772884468,-45
218/2019,22/01/2019,A NOITE,22/01/2019 19:45:36,RODOVIA DO AMARAL GURGEL,2500,CENTRO,S.JOSE DOS CAMPOS,SP,-23,204661905,-45
170/2019,21/01/2019,A NOITE,22/01/2019 23:13:26,AVENIDA SAO JOAO,1800,JARDIM ESPLANADA II,S.JOSE DOS CAMPOS,SP,-23,1791443729999,-45
219/2019,22/01/2019,A NOITE,23/01/2019 15:03:50,AVENIDA PEDRO FRIGGI,2,VISTA VERDE,S.JOSE DOS CAMPOS,SP,-23,2656298413438,-45
102047/2019,22/01/2019,A NOITE,23/01/2019 17:54:41,ESTRADA DO IMPERADOR,701,PARQUE RESIDENCIAL UNI�O,S.JOSE DOS CAMPOS,SP,-23,165835366293,-45
260/2019,23/01/2019,A NOITE,23/01/2019 21:01:49,AVENIDA RUI BARBOSA,1603,VILA ROSSI,CACAPAVA,SP,-23,1139821850236,-45
504/2019,23/01/2019,A NOITE,24/01/2019 08:34:43,RUA VEREADOR GERALDO NOGUEIRA DA SILVA,131,RES ESPERAN�A,CACAPAVA,SP,-23,1139821850236,-45
504/2019,23/01/2019,A NOITE,24/01/2019 08:34:43,RUA VEREADOR GERALDO NOGUEIRA DA SILVA,131,RES ESPERAN�A,CACAPAVA,SP,-23,1380959539999,-45
310/2019,24/01/2019,DE MADRUGADA,24/01/2019 09:08:42,RODOVIA PRESIDENTE DUTRA (BR 116),134,AREA RURAL,CACAPAVA,SP,-23,1380959539999,-45
310/2019,24/01/2019,DE MADRUGADA,24/01/2019 09:08:42,RODOVIA PRESIDENTE DUTRA (BR 116),134,AREA RURAL,S.JOSE DOS CAMPOS,SP,-23,158485426,-45
94/2019,24/01/2019,A TARDE,24/01/2019 16:05:49,ESTRADA VELHA RIO SAO PAULO,1,EUG�NIO DE MELO,S.JOSE DOS CAMPOS,SP,-23,158485426,-45
94/2019,24/01/2019,A TARDE,24/01/2019 16:05:49,ESTRADA VELHA RIO SAO PAULO,1,EUG�NIO DE MELO,S.JOSE DOS CAMPOS,SP,-23,158485426,-45
94/2019,24/01/2019,A TARDE,24/01/2019 16:05:49,ESTRADA VELHA RIO SAO PAULO,1,EUG�NIO DE MELO,S.JOSE DOS CAMPOS,SP,-23,158485426,-45
94/2019,24/01/2019,A TARDE,24/01/2019 16:05:49,ESTRADA VELHA RIO SAO PAULO,1,EUG�NIO DE MELO,S.JOSE DOS CAMPOS,SP,-23,158485426,-45
94/2019,24/01/2019,A TARDE,24/01/2019 16:05:49,ESTRADA VELHA RIO SAO PAULO,1,EUG�NIO DE MELO,S.JOSE DOS CAMPOS,SP,-23,158485426,-45
94/2019,24/01/2019,A TARDE,24/01/2019 16:05:49,ESTRADA VELHA RIO SAO PAULO,1,EUG�NIO DE MELO,CACAPAVA,SP,-23,1028772884468,-45
249/2019,24/01/2019,A NOITE,24/01/2019 20:40:01,RODOVIA DO LIVRO,0,CENTRO,CACAPAVA,SP,-23,1186437,-45
109433/2019,23/01/2018,A NOITE,25/01/2019 08:59:57,AVENIDA HENRY NESTL�,2232,VILA GALV�O,CACAPAVA,SP,-23,1186437,-45
109433/2019,23/01/2018,A NOITE,25/01/2019 08:59:57,AVENIDA HENRY NESTL�,2232,VILA GALV�O,CACAPAVA,SP,-23,1186437,-45
109528/2019,23/01/2019,A NOITE,25/01/2019 09:35:29,AVENIDA HENRY NESTL�,2232,VILA GALV�O,CACAPAVA,SP,-23,1186437,-45
109528/2019,23/01/2019,A NOITE,25/01/2019 09:35:29,AVENIDA HENRY NESTL�,2232,VILA GALV�O,S.JOSE DOS CAMPOS,SP,-23,1913456,-45
110050/2019,22/01/2019,A NOITE,25/01/2019 13:11:37,AVENIDA DOUTOR NELSON D'�VILA,560,CENTRO,CACAPAVA,SP,-23,1008202625949,-45
257/2019,25/01/2019,A TARDE,25/01/2019 17:55:46,AVENIDA CORONEL ALC�NTARA,10,CENTRO,S.JOSE DOS CAMPOS,SP,-23,250160385,-45
191/2019,26/01/2019,DE MADRUGADA,26/01/2019 03:44:05,RUA BRENO DE MOURA,204,JARDIM ESTORIL,S.JOSE DOS CAMPOS,SP,-23,250160385,-45
191/2019,26/01/2019,DE MADRUGADA,26/01/2019 03:44:05,RUA BRENO DE MOURA,204,JARDIM ESTORIL,S.JOSE DOS CAMPOS,SP,-23,250160385,-45
191/2019,26/01/2019,DE MADRUGADA,26/01/2019 03:44:05,RUA BRENO DE MOURA,204,JARDIM ESTORIL,S.JOSE DOS CAMPOS,SP,-23,250160385,-45
191/2019,26/01/2019,DE MADRUGADA,26/01/2019 03:44:05,RUA BRENO DE MOURA,204,JARDIM ESTORIL,S.JOSE DOS CAMPOS,SP,-23,250160385,-45
191/2019,26/01/2019,DE MADRUGADA,26/01/2019 03:44:05,RUA BRENO DE MOURA,204,JARDIM ESTORIL,S.JOSE DOS CAMPOS,SP,-23,250160385,-45
191/2019,26/01/2019,DE MADRUGADA,26/01/2019 03:44:05,RUA BRENO DE MOURA,204,JARDIM ESTORIL,S.JOSE DOS CAMPOS,SP,-23,2784416878571,-45
193/2019,25/01/2019,A NOITE,26/01/2019 10:10:33,RUA MILTON DE ANDRADA,20,CONJUNTO HABITACIONAL ELMANO VELOSO,S.JOSE DOS CAMPOS,SP,-23,2582621019999,-45
196/2019,26/01/2019,DE MADRUGADA,26/01/2019 11:42:07,AVENIDA JOAO BATISTA DE SOUZA SOARES,1100,JARDIM MORUMBI,S.JOSE DOS CAMPOS,SP,-23,2105766083081,-45
201/2019,25/01/2019,A NOITE,26/01/2019 14:19:28,RUA LETONIA,100,VILA NOVA CONCEI��O,S.JOSE DOS CAMPOS,SP,-23,187199,-45
114370/2019,25/01/2019,A NOITE,26/01/2019 18:22:32,AVENIDA BRASIL,877,MONTE CASTELO,S.JOSE DOS CAMPOS,SP,-23,183230147,-45
307/2019,27/01/2019,DE MADRUGADA,27/01/2019 05:23:17,AVENIDA SAO JOSE,0,CENTRO,S.JOSE DOS CAMPOS,SP,-23,2767876651327,-45
116214/2019,27/01/2019,DE MADRUGADA,27/01/2019 10:56:34,RUA CONEGO JOSE ROMAO DA ROSA GOES,92,JARDIM IMPERIAL,S.JOSE DOS CAMPOS,SP,-23,23264067,-45
314/2019,27/01/2019,DE MADRUGADA,27/01/2019 11:20:50,RUA EMILIO MARELO,1,JARDIM DAS IND�STRIAS,S.JOSE DOS CAMPOS,SP,-23,2358480557177,-45
79/2019,27/01/2019,PELA MANHA,28/01/2019 13:11:57,RUA CORIFEU DE AZEVEDO MARQUES,2900,JARDIM POR DO SOL,CACAPAVA,SP,-23,103017716,-45
98/2019,28/01/2019,PELA MANHA,28/01/2019 12:55:09,ESTRADA MUN. DA GRAMA,101,JARDIM ITAMARATI,S.JOSE DOS CAMPOS,SP,-23,175604426,-45
257/2019,28/01/2019,A TARDE,28/01/2019 16:53:49,ESTRADA JOEL DE PAULA,1,CAP�O GROSSO,S.JOSE DOS CAMPOS,SP,-23,175604426,-45
257/2019,28/01/2019,A TARDE,28/01/2019 16:53:49,ESTRADA JOEL DE PAULA,1,CAP�O GROSSO,S.JOSE DOS CAMPOS,SP,-23,23264067,-45
83/2019,27/01/2019,DE MADRUGADA,28/01/2019 18:16:11,RUA EMILIO MARELO,1,JARDIM DAS IND�STRIAS,S.JOSE DOS CAMPOS,SP,-23,2253284981052,-45
235/2019,20/01/2019,DE MADRUGADA,28/01/2019 19:52:44,RUA SCORPIUS,159,JARDIM SAT�LITE,S.JOSE DOS CAMPOS,SP,-23,17605,-45
126297/2019,28/01/2019,A NOITE,29/01/2019 10:53:33,AVENIDA JO�O MARSON,490,VILA INDUSTRIAL,S.JOSE DOS CAMPOS,SP,-23,2318063857184,-45
204/2019,29/01/2019,A TARDE,29/01/2019 15:34:58,RUA TEREZINA,572,PARQUE INDUSTRIAL,CACAPAVA,SP,-23,1006098579999,-45
290/2019,23/01/2019,A NOITE,29/01/2019 17:24:05,RUA DO P�RTO,0,CENTRO,S.JOSE DOS CAMPOS,SP,-23,2775062570727,-45
245/2019,29/01/2019,A NOITE,29/01/2019 22:07:29,ESTRADA CAPUAVA,1000,CH�CARAS DAS NA��ES,CACAPAVA,SP,-23,1226938869397,-45
328/2019,29/01/2019,A NOITE,30/01/2019 09:48:09,RUA VEREADOR GERALDO NOGUEIRA DA SILVA,2101,AREA RURAL,S.JOSE DOS CAMPOS,SP,-23,152817338,-45
209/2019,29/01/2019,A NOITE,30/01/2019 09:46:32,,0,,S.JOSE DOS CAMPOS,SP,-23,193450852,Resid�ncia
354/2019,30/01/2019,A NOITE,30/01/2019 22:35:54,RUA AUDEMO VENEZIANI,200,ALTO DA PONTE,S.JOSE DOS CAMPOS,SP,-23,268120425,-45
358/2019,31/01/2019,DE MADRUGADA,31/01/2019 01:12:02,PRA�A NOSSA SENHORA DE FATIMA,50,JARDIM NOVA AM�RICA,S.JOSE DOS CAMPOS,SP,-23,2157462807156,-45
205/2019,30/01/2019,A NOITE,31/01/2019 10:43:11,RUA ANTENOR TEODORO DE AZEVEDO,0,BOSQUE DOS EUCALIPTOS,S.JOSE DOS CAMPOS,SP,-23,158296026,-45
